{
    "version": "3",
    "isInitialized": 1,
    "arenaObjectsConfigFile": "Cherno",
    "playersCount": [
        1,
        2,
        3,
        4,
        5,
        6,
        7,
        8,
        9,
        10,
        15,
        30,
        60
    ],
    "roundsCount": [
        1,
        2,
        3,
        5,
        10
    ],
    "deathPenaltyTimeInSeconds": [
        0,
        5,
        10,
        15,
        30
    ],
    "maxTimePerRoundInMinutes": [
        5,
        10,
        15,
        30,
        60
    ],
    "maxKillsPerRound": [
        1,
        2,
        3,
        5,
        10,
        25,
        50,
        100
    ],
    "startingFee": [
        0,
        1000,
        2000,
        3000,
        5000,
        10000
    ],
    "teamWinRatio": [
        {
            "place": 1,
            "ratio": 0.5
        }
    ],
    "enableChangeSides": 1,
    "enableOneLifeMode": 1,
    "enableShowTeamMarker": 1,
    "enableFriendlyFire": 1,
    "enableStaminaMode": 1,
    "enableShowSpectatorMode": 1,
    "adminCanEnterArena": 1,
    "enableMultipleGearSets": 1,
    "playerHealth": 100,
    "playerShield": 100,
    "startCountdown": 6,
    "startNextRoundCountdown": 6,
    "endMatchCountdown": 6,
    "gearSetNames": [
        "Cop",
        "FAL",
        "M4A1",
        "Sniper Blaze",
        "Sniper SVD",
        "Izh 43 Shotgun",
        "Mp 133 Shotgun",
        "MP5",
        "Saiga",
        "UMP",
        "VSS"
    ],
    "gearSets": [],
    "teamSpawnZones": {
        "1": [
            {
                "position": [
                    4756.94580078125,
                    2345.25341796875,
                    9867.3134765625
                ],
                "orientation": [
                    -2.6337995529174806,
                    0.0,
                    0.0
                ],
                "radius": 5.0
            },
            {
                "position": [
                    4743.80078125,
                    2345.456298828125,
                    9888.4423828125
                ],
                "orientation": [
                    -175.3854217529297,
                    0.0,
                    -0.0
                ],
                "radius": 5.0
            },
            {
                "position": [
                    4725.490234375,
                    2344.9189453125,
                    9887.5732421875
                ],
                "orientation": [
                    136.4445037841797,
                    0.0,
                    -0.0
                ],
                "radius": 5.0
            },
            {
                "position": [
                    4733.96142578125,
                    2344.940673828125,
                    9871.8623046875
                ],
                "orientation": [
                    -14.820343017578125,
                    -0.0,
                    0.0
                ],
                "radius": 5.0
            },
            {
                "position": [
                    4764.78125,
                    2344.9189453125,
                    9887.6513671875
                ],
                "orientation": [
                    -170.53163146972657,
                    0.0,
                    -0.0
                ],
                "radius": 5.0
            },
            {
                "position": [
                    4790.1220703125,
                    2344.947265625,
                    9884.802734375
                ],
                "orientation": [
                    166.17213439941407,
                    0.0,
                    -0.0
                ],
                "radius": 5.0
            },
            {
                "position": [
                    4786.47900390625,
                    2345.477294921875,
                    9884.3466796875
                ],
                "orientation": [
                    140.7454071044922,
                    0.0,
                    -0.0
                ],
                "radius": 5.0
            },
            {
                "position": [
                    4805.06005859375,
                    2350.22998046875,
                    9869.7744140625
                ],
                "orientation": [
                    20.26945686340332,
                    0.0,
                    -0.0
                ],
                "radius": 5.0
            }
        ],
        "2": [
            {
                "position": [
                    4806.93896484375,
                    2350.218017578125,
                    9812.8369140625
                ],
                "orientation": [
                    -146.13064575195313,
                    0.0,
                    -0.0
                ],
                "radius": 5.0
            },
            {
                "position": [
                    4787.00146484375,
                    2345.049560546875,
                    9790.390625
                ],
                "orientation": [
                    -106.73757934570313,
                    0.0,
                    -0.0
                ],
                "radius": 5.0
            },
            {
                "position": [
                    4775.74755859375,
                    2344.965576171875,
                    9798.5908203125
                ],
                "orientation": [
                    28.733821868896486,
                    0.0,
                    -0.0
                ],
                "radius": 5.0
            },
            {
                "position": [
                    4765.8310546875,
                    2345.04150390625,
                    9796.3125
                ],
                "orientation": [
                    -65.5719223022461,
                    -0.0,
                    0.0
                ],
                "radius": 5.0
            },
            {
                "position": [
                    4746.53955078125,
                    2345.0498046875,
                    9791.95703125
                ],
                "orientation": [
                    40.9673957824707,
                    0.0,
                    -0.0
                ],
                "radius": 5.0
            },
            {
                "position": [
                    4742.20556640625,
                    2345.20166015625,
                    9801.2578125
                ],
                "orientation": [
                    -78.236083984375,
                    -0.0,
                    0.0
                ],
                "radius": 5.0
            },
            {
                "position": [
                    4726.2431640625,
                    2347.1533203125,
                    9828.7470703125
                ],
                "orientation": [
                    72.32756042480469,
                    0.0,
                    -0.0
                ],
                "radius": 5.0
            },
            {
                "position": [
                    4816.80615234375,
                    2344.9189453125,
                    9789.0517578125
                ],
                "orientation": [
                    -79.34715270996094,
                    -0.0,
                    0.0
                ],
                "radius": 5.0
            }
        ]
    },
    "teamsCount": []
}