{
    "version": "2",
    "isInitialized": 1,
    "arenaObjectsConfigFile": "",
    "playersCount": [
        2,
        3,
        4,
        5,
        6,
        7,
        8,
        9,
        10,
        15,
        50
    ],
    "roundsCount": [
        1,
        2,
        3,
        5,
        10
    ],
    "deathPenaltyTimeInSeconds": [
        0,
        5,
        10,
        15,
        30,
        60
    ],
    "maxTimePerRoundInMinutes": [
        5,
        10,
        15,
        30,
        60
    ],
    "maxKillsPerRound": [
        1,
        2,
        3,
        5,
        10,
        25,
        50,
        100
    ],
    "startingFee": [
        1000,
        2000,
        3000,
        5000,
        10000
    ],
    "teamWinRatio": [
        {
            "place": 1,
            "ratio": 0.5
        },
        {
            "place": 2,
            "ratio": 0.30000001192092898
        }
    ],
    "enableChangeSides": 1,
    "enableOneLifeMode": 1,
    "enableShowTeamMarker": 1,
    "enableFriendlyFire": 1,
    "enableStaminaMode": 1,
    "enableShowSpectatorMode": 1,
    "gearSetNames": [
        "Cop",
        "FAL",
        "M4A1",
        "Sniper Blaze",
        "Sniper SVD",
        "Izh 43 Shotgun",
        "Mp 133 Shotgun",
        "MP5",
        "Saiga",
        "UMP",
        "VSS"
    ],
    "gearSets": [],
    "externalPlayersCanEnterArena": 0,
    "adminCanEnterArena": 1,
    "enableMultipleGearSets": 1,
    "showArenaBoarderPoints": 1,
    "teamSpawnZones": {
        "1": [
            {
                "position": [
                    14710.275390625,
                    2548.068603515625,
                    12814.4765625
                ],
                "orientation": [
                    148.21046447753907,
                    0.0,
                    -0.0
                ],
                "radius": 10.0
            },
            {
                "position": [
                    14688.013671875,
                    2548.10009765625,
                    12701.119140625
                ],
                "orientation": [
                    97.68476104736328,
                    0.0,
                    -0.0
                ],
                "radius": 10.0
            },
            {
                "position": [
                    14691.115234375,
                    2548.10009765625,
                    12701.4482421875
                ],
                "orientation": [
                    -153.0927734375,
                    0.0,
                    -0.0
                ],
                "radius": 10.0
            },
            {
                "position": [
                    14687.75390625,
                    2548.10009765625,
                    12698.599609375
                ],
                "orientation": [
                    97.57171630859375,
                    0.0,
                    -0.0
                ],
                "radius": 10.0
            },
            {
                "position": [
                    14694.87890625,
                    2548.10009765625,
                    12698.2880859375
                ],
                "orientation": [
                    -148.0654296875,
                    0.0,
                    -0.0
                ],
                "radius": 10.0
            },
            {
                "position": [
                    14698.15234375,
                    2548.10009765625,
                    12686.013671875
                ],
                "orientation": [
                    52.63258361816406,
                    0.0,
                    -0.0
                ],
                "radius": 10.0
            },
            {
                "position": [
                    14686.701171875,
                    2548.10009765625,
                    12704.642578125
                ],
                "orientation": [
                    -96.04142761230469,
                    0.0,
                    -0.0
                ],
                "radius": 10.0
            },
            {
                "position": [
                    14689.8427734375,
                    2548.10009765625,
                    12704.3642578125
                ],
                "orientation": [
                    23.16063690185547,
                    0.0,
                    -0.0
                ],
                "radius": 10.0
            },
            {
                "position": [
                    14689.7880859375,
                    2548.0888671875,
                    12718.6923828125
                ],
                "orientation": [
                    144.39857482910157,
                    0.0,
                    -0.0
                ],
                "radius": 10.0
            },
            {
                "position": [
                    14690.3125,
                    2548.0888671875,
                    12740.193359375
                ],
                "orientation": [
                    86.53923034667969,
                    0.0,
                    -0.0
                ],
                "radius": 10.0
            },
            {
                "position": [
                    14687.1904296875,
                    2548.08447265625,
                    12758.92578125
                ],
                "orientation": [
                    120.54208374023438,
                    0.0,
                    -0.0
                ],
                "radius": 10.0
            },
            {
                "position": [
                    14690.6103515625,
                    2548.08447265625,
                    12758.6689453125
                ],
                "orientation": [
                    -150.91261291503907,
                    0.0,
                    -0.0
                ],
                "radius": 10.0
            },
            {
                "position": [
                    14686.890625,
                    2548.08447265625,
                    12755.44140625
                ],
                "orientation": [
                    107.73309326171875,
                    0.0,
                    -0.0
                ],
                "radius": 10.0
            },
            {
                "position": [
                    14694.3515625,
                    2548.08447265625,
                    12755.9169921875
                ],
                "orientation": [
                    -163.11033630371095,
                    0.0,
                    -0.0
                ],
                "radius": 10.0
            },
            {
                "position": [
                    14690.6796875,
                    2548.08447265625,
                    12761.6923828125
                ],
                "orientation": [
                    49.25997543334961,
                    0.0,
                    -0.0
                ],
                "radius": 10.0
            },
            {
                "position": [
                    14690.1748046875,
                    2548.0673828125,
                    12796.255859375
                ],
                "orientation": [
                    106.64862823486328,
                    0.0,
                    -0.0
                ],
                "radius": 10.0
            },
            {
                "position": [
                    14687.0380859375,
                    2548.0673828125,
                    12814.5322265625
                ],
                "orientation": [
                    132.07835388183595,
                    0.0,
                    -0.0
                ],
                "radius": 10.0
            },
            {
                "position": [
                    14686.955078125,
                    2548.0673828125,
                    12811.154296875
                ],
                "orientation": [
                    84.36575317382813,
                    0.0,
                    -0.0
                ],