{
    "version": "2",
    "isInitialized": 1,
    "arenaObjectsConfigFile": "Colosseum",
    "playersCount": [
        1,
        2,
        3,
        4,
        5,
        6,
        7,
        8,
        9,
        10,
        15,
        30,
        60
    ],
    "roundsCount": [
        1,
        2,
        3,
        5,
        10
    ],
    "deathPenaltyTimeInSeconds": [
        0,
        5,
        10,
        15,
        30
    ],
    "maxTimePerRoundInMinutes": [
        5,
        10,
        15,
        30,
        60
    ],
    "maxKillsPerRound": [
        1,
        2,
        3,
        5,
        10,
        25,
        50,
        100
    ],
    "startingFee": [
        1000,
        2000,
        3000,
        5000,
        10000
    ],
    "teamWinRatio": [
        {
            "place": 1,
            "ratio": 0.5
        },
        {
            "place": 2,
            "ratio": 0.30000001192092898
        }
    ],
    "enableChangeSides": 1,
    "enableOneLifeMode": 1,
    "enableShowTeamMarker": 1,
    "enableFriendlyFire": 1,
    "enableStaminaMode": 1,
    "enableShowSpectatorMode": 1,
    "gearSetNames": [
        "Cop",
        "FAL",
        "M4A1",
        "Sniper Blaze",
        "Sniper SVD",
        "Izh 43 Shotgun",
        "Mp 133 Shotgun",
        "MP5",
        "Saiga",
        "UMP",
        "VSS"
    ],
    "gearSets": [],
    "externalPlayersCanEnterArena": 0,
    "adminCanEnterArena": 1,
    "enableMultipleGearSets": 1,
    "showArenaBoarderPoints": 1,
    "teamSpawnZones": {
        "1": [
            {
                "position": [
                    3980.15625,
                    2395.444091796875,
                    11906.8212890625
                ],
                "orientation": [
                    -131.2412109375,
                    0.0,
                    -0.0
                ],
                "radius": 10.0
            },
            {
                "position": [
                    3990.622802734375,
                    2395.4404296875,
                    11897.072265625
                ],
                "orientation": [
                    -146.69528198242188,
                    0.0,
                    -0.0
                ],
                "radius": 10.0
            },
            {
                "position": [
                    4001.289306640625,
                    2395.4365234375,
                    11887.1328125
                ],
                "orientation": [
                    -141.58070373535157,
                    0.0,
                    -0.0
                ],
                "radius": 10.0
            },
            {
                "position": [
                    4010.02880859375,
                    2395.430419921875,
                    11877.0380859375
                ],
                "orientation": [
                    -148.09837341308595,
                    0.0,
                    -0.0
                ],
                "radius": 10.0
            },
            {
                "position": [
                    3976.49462890625,
                    2396.28515625,
                    11905.328125
                ],
                "orientation": [
                    171.70169067382813,
                    0.0,
                    -0.0
                ],
                "radius": 10.0
            },
            {
                "position": [
                    3964.501953125,
                    2396.28515625,
                    11892.396484375
                ],
                "orientation": [
                    93.50753784179688,
                    0.0,
                    -0.0
                ],
                "radius": 10.0
            },
            {
                "position": [
                    4007.851806640625,
                    2396.28515625,
                    11872.4833984375
                ],
                "orientation": [
                    -58.82943344116211,
                    -0.0,
                    0.0
                ],
                "radius": 10.0
            },
            {
                "position": [
                    3995.494384765625,
                    2396.28515625,
                    11859.154296875
                ],
                "orientation": [
                    17.76213264465332,
                    0.0,
                    -0.0
                ],
                "radius": 10.0
            },
            {
                "position": [
                    3943.1435546875,
                    2429.1435546875,
                    11916.5107421875
                ],
                "orientation": [
                    -155.8705596923828,
                    0.0,
                    -0.0
                ],
                "radius": 10.0
            },
            {
                "position": [
                    4017.61181640625,
                    2429.320556640625,
                    11831.3857421875
                ],
                "orientation": [
                    -114.82148742675781,
                    0.0,
                    -0.0
                ],
                "radius": 10.0
            }
        ],
        "2": [
            {
                "position": [
                    3874.965087890625,
                    2395.4375,
                    11752.4833984375
                ],
                "orientation": [
                    68.81841278076172,
                    0.0,
                    -0.0
                ],
                "radius": 10.0
            },
            {
                "position": [
                    3867.79541015625,
                    2395.440185546875,
                    11758.732421875
                ],
                "orientation": [
                    30.99797248840332,
                    0.0,
                    -0.0
                ],
                "radius": 10.0
            },
            {
                "position": [
                    3854.7236328125,
                    2395.419677734375,
                    11771.8935546875
                ],
                "orientation": [
                    46.7099609375,
                    0.0,
                    -0.0
                ],
                "radius": 10.0
            },
            {
                "position": [
                    3845.906982421875,
                    2395.431884765625,
                    11782.4482421875
                ],
                "orientation": [
                    42.1353759765625,
                    0.0,
                    -0.0
                ],
                "radius": 10.0
            },
            {
                "position": [
                    3882.30078125,
                    2396.703369140625,
                    11756.1220703125
                ],
                "orientation": [
                    20.775676727294923,
                    0.0,
                    -0.0
                ],
                "radius": 10.0
            },
            {
                "position": [
                    3891.743896484375,
                    2396.703369140625,
                    11767.2236328125
                ],
                "orientation": [
                    -73.84773254394531,
                    -0.0,
                    0.0
                ],
                "radius": 10.0
            },
            {
                "position": [
                    3849.764404296875,
                    2396.703369140625,
                    11787.0048828125
                ],
                "orientation": [
                    89.70881652832031,
                    0.0,
                    -0.0
                ],
                "radius": 10.0
            },
            {
                "position": [
                    3862.357177734375,
                    2396.703369140625,
                    11797.912109375
                ],