{
    "m_Version": 6,
    "m_DisplayName": "Horobo Trading Zone",
    "Position": [
        11833.150390625,
        140.47260284423828,
        12469.0400390625
    ],
    "Radius": 20.0,
    "BuyPricePercent": 100.0,
    "SellPricePercent": -1.0,
    "Stock": {}
}