{
    "version": "2",
    "isInitialized": 1,
    "arenaObjectsConfigFile": "",
    "playersCount": [
        1,
        2,
        3,
        4,
        5,
        6,
        7,
        8,
        9,
        10,
        15
    ],
    "roundsCount": [
        1,
        2,
        3,
        5,
        10
    ],
    "deathPenaltyTimeInSeconds": [
        1,
        2,
        3,
        5,
        10
    ],
    "maxTimePerRoundInMinutes": [
        5,
        10,
        15,
        30,
        60
    ],
    "maxKillsPerRound": [
        1,
        2,
        3,
        5,
        10,
        25,
        50,
        100
    ],
    "startingFee": [
        1000,
        2000,
        3000,
        5000,
        10000
    ],
    "teamWinRatio": [
        {
            "place": 1,
            "ratio": 0.5
        },
        {
            "place": 2,
            "ratio": 0.30000001192092898
        }
    ],
    "enableChangeSides": 1,
    "enableOneLifeMode": 1,
    "enableShowTeamMarker": 1,
    "enableFriendlyFire": 1,
    "enableStaminaMode": 1,
    "enableShowSpectatorMode": 1,
    "gearSetNames": [
        "Cop",
        "FAL",
        "M4A1",
        "Sniper Blaze",
        "Sniper SVD",
        "Izh 43 Shotgun",
        "Mp 133 Shotgun",
        "MP5",
        "Saiga",
        "UMP",
        "VSS"
    ],
    "gearSets": [],
    "externalPlayersCanEnterArena": 0,
    "adminCanEnterArena": 1,
    "enableMultipleGearSets": 1,
    "showArenaBoarderPoints": 1,
    "teamSpawnZones": {
        "1": [
            {
                "position": [
                    7118.91796875,
                    1103.366943359375,
                    7466.0166015625
                ],
                "orientation": [
                    -126.04896545410156,
                    0.0,
                    -0.0
                ],
                "radius": 10.0
            },
            {
                "position": [
                    7118.95263671875,
                    1103.4169921875,
                    7445.6904296875
                ],
                "orientation": [
                    -126.35054016113281,
                    0.0,
                    -0.0
                ],
                "radius": 10.0
            },
            {
                "position": [
                    7114.7294921875,
                    1103.366943359375,
                    7436.28369140625
                ],
                "orientation": [
                    -12.059311866760254,
                    -0.0,
                    0.0
                ],
                "radius": 10.0
            },
            {
                "position": [
                    7095.08837890625,
                    1103.3668212890626,
                    7438.6015625
                ],
                "orientation": [
                    49.45613098144531,
                    0.0,
                    -0.0
                ],
                "radius": 10.0
            },
            {
                "position": [
                    7098.14208984375,
                    1099.443359375,
                    7470.16455078125
                ],
                "orientation": [
                    137.1779022216797,
                    0.0,
                    -0.0
                ],
                "radius": 10.0
            },
            {
                "position": [
                    7096.400390625,
                    1099.443359375,
                    7454.845703125
                ],
                "orientation": [
                    82.96804809570313,
                    0.0,
                    -0.0
                ],
                "radius": 10.0
            },
            {
                "position": [
                    7095.22802734375,
                    1099.443359375,
                    7438.5283203125
                ],
                "orientation": [
                    52.61982727050781,
                    0.0,
                    -0.0
                ],
                "radius": 10.0
            },
            {
                "position": [
                    7116.0126953125,
                    1099.443359375,
                    7436.509765625
                ],
                "orientation": [
                    -24.179365158081056,
                    -0.0,
                    0.0
                ],
                "radius": 10.0
            },
            {
                "position": [
                    7119.48828125,
                    1099.4434814453126,
                    7475.64892578125
                ],
                "orientation": [
                    -150.01576232910157,
                    0.0,
                    -0.0
                ],
                "radius": 10.0
            },
            {
                "position": [
                    7115.84423828125,
                    1099.4439697265626,
                    7482.65576171875
                ],
                "orientation": [
                    -152.73777770996095,
                    0.0,
                    -0.0
                ],
                "radius": 10.0
            },
            {
                "position": [
                    7109.52197265625,
                    1093.4237060546876,
                    7482.92578125
                ],
                "orientation": [
                    137.2972869873047,
                    0.0,
                    -0.0
                ],
                "radius": 10.0
            },
            {
                "position": [
                    7125.345703125,
                    1095.4090576171876,
                    7475.2587890625
                ],
                "orientation": [
                    -156.52980041503907,
                    0.0,
                    -0.0
                ],
                "radius": 10.0
            },
            {
                "position": [
                    7099.28076171875,
                    1095.4183349609376,
                    7477.1083984375
                ],
                "orientation": [
                    147.1826934814453,
                    0.0,
                    -0.0
                ],
                "radius": 10.0
            },
            {
                "position": [
                    7096.3955078125,
                    1095.4183349609376,
                    7458.99072265625
                ],
                "orientation": [
                    91.05916595458985,
                    -0.0,
                    -0.0
                ],
                "radius": 10.0
            },
            {
                "position": [
                    7094.93408203125,
                    1095.418212890625,
                    7438.0712890625
                ],
                "orientation": [
                    28.657155990600587,
                    0.0,
                    -0.0
                ],
                "radius": 10.0
            },
            {
                "position": [
                    7101.08837890625,
                    1095.4183349609376,
                    7441.92138671875
                ],
                "orientation": [
                    110.84403228759766,
                    0.0,
                    -0.0
                ],
                "radius": 10.0
            },
            {
                "position": [
                    7116.49658203125,
                    1095.4183349609376,
                    7435.822265625
                ],
                "orientation": [
                    -56.83723449707031,
                    -0.0,
                    0.0
                ],
                "radius": 10.0
            },
            {
                "position": [
                    7117.57763671875,
                    1095.4183349609376,
                    7445.74072265625
                ],